SET VERIFY ON

SET ECHO ON

	
REM Data Loading into Department table

INSERT INTO DEPARTMENT
	(DEPT_NO, DEPT_NAME, PRIMARY_ADDRESS, SECONDARY_ADDRESS, TELNO, FAXNO, EMAIL)
	VALUES (623, 'Applied Sciences', 'City Campus Northumberland Building Spain', 'Beach Campus Sandy Building Spain', 01912437900, 01912274274, 'hs.enquiry@ais.ac.ar');
INSERT INTO DEPARTMENT
	(DEPT_NO, DEPT_NAME, PRIMARY_ADDRESS, SECONDARY_ADDRESS, TELNO, FAXNO, EMAIL)
	VALUES (781, 'Computer and Information Sciences', 'Ellison Building West Coast Spain', 'Rudolph Centre Stable Block Spain', 01912427866, 01912290943, 'cis.enquiry@ais.ac.ar'); 
INSERT INTO DEPARTMENT
	(DEPT_NO, DEPT_NAME, PRIMARY_ADDRESS, SECONDARY_ADDRESS, TELNO, FAXNO, EMAIL)
	VALUES (934, 'Sport Exercise and Rehabilitation',  'Arena Central Courseway Spain', 'Armstrong Building Central Park Spain', 01912458723, 01912219065, 'ser.enquiry@ais.ac.ar');

REM Data Loading into Course table

INSERT INTO COURSE
	(COURSE_NO, COURSE_NAME, COURSE_TYPE, DURATION, MODE_OF_STUDY, REQ_CREDITS_TO_PASS, DEPT_NO)
	VALUES ('MF94', 'Criminology and Forensic Science BSc Hons', 'U', '4YRS', 'Full time', 360, 623);
INSERT INTO COURSE
	(COURSE_NO, COURSE_NAME, COURSE_TYPE, DURATION, MODE_OF_STUDY, REQ_CREDITS_TO_PASS, DEPT_NO)
	VALUES ('B940', 'Biomedical Science BSc Hons', 'U', '3YRS', 'Full time', 360, 623);		
INSERT INTO COURSE
	(COURSE_NO, COURSE_NAME, COURSE_TYPE, DURATION, MODE_OF_STUDY, REQ_CREDITS_TO_PASS, DEPT_NO)
	VALUES ('AI64', 'Artifical Intelligence MSc', 'P', '12MTHS', 'Full time', 180, 781);
INSERT INTO COURSE
	(COURSE_NO, COURSE_NAME, COURSE_TYPE, DURATION, MODE_OF_STUDY, REQ_CREDITS_TO_PASS, DEPT_NO)
	VALUES ('AC78', 'Advanced Computer Science MSc', 'P', '12MTHS', 'Full time', 180, 781); 	
INSERT INTO COURSE
	(COURSE_NO, COURSE_NAME, COURSE_TYPE, DURATION, MODE_OF_STUDY, REQ_CREDITS_TO_PASS, DEPT_NO)
	VALUES ('AC88', 'Advanced Computer Science MSc', 'P', '2YRS', 'Part time', 180, 781); 
INSERT INTO COURSE
	(COURSE_NO, COURSE_NAME, COURSE_TYPE, DURATION, MODE_OF_STUDY, REQ_CREDITS_TO_PASS, DEPT_NO)
	VALUES ('CX61', 'Sport Coaching BSc', 'U', '3YRS', 'Distance Learning', 360, 934);	
INSERT INTO COURSE
	(COURSE_NO, COURSE_NAME, COURSE_TYPE, DURATION, MODE_OF_STUDY, REQ_CREDITS_TO_PASS, DEPT_NO)
	VALUES ('CE21', 'Clinical Exercise MSc', 'P', '18MTHS', 'Part time', 180, 934);
INSERT INTO COURSE
	(COURSE_NO, COURSE_NAME, COURSE_TYPE, DURATION, MODE_OF_STUDY, REQ_CREDITS_TO_PASS, DEPT_NO)
	VALUES ('PR45', 'Clinical Exercise Physiology MSc', 'P', '12MTHS', 'Full time', 180, 934);

REM Data Loading into Module table

INSERT INTO MODULE
	(MODULE_NO, MODULE_NAME, MODULE_LEVEL, CREDITS_HRS, COURSE_NO)
	VALUES ('AP0400', 'Practical Skills in Forensic Science', '1', 20, 'MF94'); 
INSERT INTO MODULE
	(MODULE_NO, MODULE_NAME, MODULE_LEVEL, CREDITS_HRS, COURSE_NO)
	VALUES ('AP0411', 'Introductory Pathological Sciences', '1', 40, 'MF94');
INSERT INTO MODULE
	(MODULE_NO, MODULE_NAME, MODULE_LEVEL, CREDITS_HRS, COURSE_NO)
	VALUES ('AP0408', 'Anatomy and Physiology', '1', 20, 'MF94');
INSERT INTO MODULE
	(MODULE_NO, MODULE_NAME, MODULE_LEVEL, CREDITS_HRS, COURSE_NO)
	VALUES ('CR6007', 'Mentally Disordered Offenders', '4', 20, 'MF94');
INSERT INTO MODULE
	(MODULE_NO, MODULE_NAME, MODULE_LEVEL, CREDITS_HRS, COURSE_NO)
	VALUES ('CR6002', 'Contemporary Policing and Toxicology', '4', 20, 'MF94');
INSERT INTO MODULE
	(MODULE_NO, MODULE_NAME, MODULE_LEVEL, CREDITS_HRS, COURSE_NO)
	VALUES ('AP0601', 'Complex Casework', '4', 20, 'MF94');
INSERT INTO MODULE
	(MODULE_NO, MODULE_NAME, MODULE_LEVEL, CREDITS_HRS, COURSE_NO)
	VALUES ('AP0504', 'Drugs and Toxicology', '2', 20, 'MF94');
INSERT INTO MODULE
	(MODULE_NO, MODULE_NAME, MODULE_LEVEL, CREDITS_HRS, COURSE_NO)
	VALUES ('CR5006', 'Race, Crime and Justice', '2', 20, 'MF94');
INSERT INTO MODULE
	(MODULE_NO, MODULE_NAME, MODULE_LEVEL, CREDITS_HRS, COURSE_NO)
	VALUES ('AP0512', 'Molecular Biology and Genetics', '2', 20, 'MF94');
INSERT INTO MODULE
	(MODULE_NO, MODULE_NAME, MODULE_LEVEL, CREDITS_HRS, COURSE_NO)
	VALUES ('AP0536', 'Study Abroad', '3', 120, 'MF94');
INSERT INTO MODULE
	(MODULE_NO, MODULE_NAME, MODULE_LEVEL, CREDITS_HRS, COURSE_NO)
	VALUES ('AP0610', 'Genomics', '3', 20, 'MF94');
INSERT INTO MODULE
	(MODULE_NO, MODULE_NAME, MODULE_LEVEL, CREDITS_HRS, COURSE_NO)
	VALUES ('AP0607', 'Molecular Cell Interactions', '3', 20, 'MF94');
INSERT INTO MODULE
	(MODULE_NO, MODULE_NAME, MODULE_LEVEL, CREDITS_HRS, COURSE_NO)
	VALUES ('AP0408', 'Anatomy and Physiology', '1', 20, 'B940');
INSERT INTO MODULE
	(MODULE_NO, MODULE_NAME, MODULE_LEVEL, CREDITS_HRS, COURSE_NO)
	VALUES ('AP0412', 'Introductory Pathological Sciences', '1', 40, 'B940');
INSERT INTO MODULE
	(MODULE_NO, MODULE_NAME, MODULE_LEVEL, CREDITS_HRS, COURSE_NO)
	VALUES ('AP0511', 'Molecular Biology and Genetics', '2', 20, 'B940');
INSERT INTO MODULE
	(MODULE_NO, MODULE_NAME, MODULE_LEVEL, CREDITS_HRS, COURSE_NO)
	VALUES ('AP0505', 'Drugs and Toxicology', '2', 20, 'B940');
INSERT INTO MODULE
	(MODULE_NO, MODULE_NAME, MODULE_LEVEL, CREDITS_HRS, COURSE_NO)
	VALUES ('AP0610', 'Genomics', '3', 20, 'B940');
INSERT INTO MODULE
	(MODULE_NO, MODULE_NAME, MODULE_LEVEL, CREDITS_HRS, COURSE_NO)
	VALUES ('AP0607', 'Molecular Cell Interactions', '3', 20, 'B940');
INSERT INTO MODULE
	(MODULE_NO, MODULE_NAME, MODULE_LEVEL, CREDITS_HRS, COURSE_NO)
	VALUES ('KV7003', 'AI and Digital Technology', 'M', 40, 'AI64');
INSERT INTO MODULE
	(MODULE_NO, MODULE_NAME, MODULE_LEVEL, CREDITS_HRS, COURSE_NO)
	VALUES ('KF7010', 'Programme Design and Implementation', 'M', 40, 'AI64');
INSERT INTO MODULE
	(MODULE_NO, MODULE_NAME, MODULE_LEVEL, CREDITS_HRS, COURSE_NO)
	VALUES ('KV7004', 'AI Studio', 'M', 40, 'AI64');
INSERT INTO MODULE
	(MODULE_NO, MODULE_NAME, MODULE_LEVEL, CREDITS_HRS, COURSE_NO)
	VALUES ('KV7005', 'Intelligent User Interface', 'M', 60, 'AI64');	
INSERT INTO MODULE
	(MODULE_NO, MODULE_NAME, MODULE_LEVEL, CREDITS_HRS, COURSE_NO)
	VALUES ('SP0475', 'Examining Sport Participation', '1', 40, 'CX61');
INSERT INTO MODULE
	(MODULE_NO, MODULE_NAME, MODULE_LEVEL, CREDITS_HRS, COURSE_NO)
	VALUES ('SP0477', 'Professional Skills for Sport', '1', 40, 'CX61');
INSERT INTO MODULE
	(MODULE_NO, MODULE_NAME, MODULE_LEVEL, CREDITS_HRS, COURSE_NO)
	VALUES ('SD0412', 'Introduction to Coaching Science', '1', 20, 'CX61');
INSERT INTO MODULE
	(MODULE_NO, MODULE_NAME, MODULE_LEVEL, CREDITS_HRS, COURSE_NO)
	VALUES ('SP5010', 'Coaching Skills and Practice', '2', 40, 'CX61');
INSERT INTO MODULE
	(MODULE_NO, MODULE_NAME, MODULE_LEVEL, CREDITS_HRS, COURSE_NO)
	VALUES ('SP5012', 'Sport Research in Practice', '2', 60, 'CX61');
INSERT INTO MODULE
	(MODULE_NO, MODULE_NAME, MODULE_LEVEL, CREDITS_HRS, COURSE_NO)
	VALUES ('SP6008', 'Talent ID and High Performance Coaching', '3', 60, 'CX61');
INSERT INTO MODULE
	(MODULE_NO, MODULE_NAME, MODULE_LEVEL, CREDITS_HRS, COURSE_NO)
	VALUES ('SP6033', 'Applied Coaching of Individual Sports in an Educational Setting', '3', 40, 'CX61');
INSERT INTO MODULE
	(MODULE_NO, MODULE_NAME, MODULE_LEVEL, CREDITS_HRS, COURSE_NO)
	VALUES ('SP0739', 'Epidemiology, Aetiology and Pathology of Health Disorders and Special Populations', '3', 60, 'CX61');
INSERT INTO MODULE
	(MODULE_NO, MODULE_NAME, MODULE_LEVEL, CREDITS_HRS, COURSE_NO)
	VALUES ('SP0738', 'Research Methods', 'M', 80, 'CE21');
INSERT INTO MODULE
	(MODULE_NO, MODULE_NAME, MODULE_LEVEL, CREDITS_HRS, COURSE_NO)
	VALUES ('SP0739', 'Epidemiology, Aetiology and Pathology of Health Disorders and Special Populations', 'M', 60, 'CE21');
INSERT INTO MODULE
	(MODULE_NO, MODULE_NAME, MODULE_LEVEL, CREDITS_HRS, COURSE_NO)
	VALUES ('PY0756', 'Exercise Psychology', 'M', 40, 'CE21');
INSERT INTO MODULE
	(MODULE_NO, MODULE_NAME, MODULE_LEVEL, CREDITS_HRS, COURSE_NO)
	VALUES ('PY0757', 'Exercise Psychology', 'M', 40, 'PR45'); 
INSERT INTO MODULE
	(MODULE_NO, MODULE_NAME, MODULE_LEVEL, CREDITS_HRS, COURSE_NO)
	VALUES ('SP0733', 'Sport and Exercise Science Dissertation', 'M', 60, 'PR45');
INSERT INTO MODULE
	(MODULE_NO, MODULE_NAME, MODULE_LEVEL, CREDITS_HRS, COURSE_NO)
	VALUES ('SP0740', 'Clinical Competencies and Assessment Skills', 'M', 40, 'PR45');
INSERT INTO MODULE
	(MODULE_NO, MODULE_NAME, MODULE_LEVEL, CREDITS_HRS, COURSE_NO)
	VALUES ('SP0732', 'Exercise Prescription for Health Disorders and Special Populations', 'M', 40, 'PR45');
	
REM Data Loading into Faculty table

INSERT INTO FACULTY
	(STAFF_NO, STAFF_NAME, STREET, CITY, REGION, POSTCODE, OFFICE_LOCATION, ROOM_NO, TEL_EXT, EMAIL, HOME_TELNO, MOBILE_TELNO, KIN_NAME, KIN_ADDRESS, KIN_RELATIONSHIP, KIN_TELNO, DOB, GENDER, START_DATE, SALARY, QUALIFICATIONS)
	VALUES ('AAS9624', 'Dr Christine Edwards', '6 Saville Place', 'Bilbao', 'Biscay', 'BC23 8PA', 'City Campus Northumberland Building', 101, 479, 'christine.edwards@ais.ac.ar', 01912437900, 07024012501, 'Mr Michael May', '6 Saville Place Bilbao Biscay BC23 8PA', 'Husband', 07798135612, TO_DATE('14/03/1972', 'DD/MM/YYYY'), 'F', TO_DATE('05/01/1996', 'DD/MM/YYYY'), 48000, 'PhD in Organometallic Chemistry and Catalysis at University of Liverpool');
INSERT INTO FACULTY
	(STAFF_NO, STAFF_NAME, STREET, CITY, REGION, POSTCODE, OFFICE_LOCATION, ROOM_NO, TEL_EXT, EMAIL, HOME_TELNO, MOBILE_TELNO, KIN_NAME, KIN_ADDRESS, KIN_RELATIONSHIP, KIN_TELNO, DOB, GENDER, START_DATE, SALARY, QUALIFICATIONS)
	VALUES ('AAS8241', 'Professor Matthew Hulmes', '64 St Andrews Street', 'Bilbao', 'Biscay', 'BC25 4JF', 'Beach Campus Sandy Building', 222, 832, 'matthew.hulmes@ais.ac.ar',01916672451, 07787542310, 'Dr Mary Hulmes', '64 St Andrews Street Bilbao Biscay BC25 4JF', 'Wife', 07821673890, TO_DATE('08/02/1960', 'DD/MM/YYYY'), 'M', TO_DATE('23/09/1981', 'DD/MM/YYYY'), 72000, 'PhD DIC Imperial College London');
INSERT INTO FACULTY
	(STAFF_NO, STAFF_NAME, STREET, CITY, REGION, POSTCODE, OFFICE_LOCATION, ROOM_NO, TEL_EXT, EMAIL, HOME_TELNO, MOBILE_TELNO, KIN_NAME, KIN_ADDRESS, KIN_RELATIONSHIP, KIN_TELNO, DOB, GENDER, START_DATE, SALARY, QUALIFICATIONS)
	VALUES ('ACS0379', 'Dr Alex Brayfield', '2 Waterside', 'Vitoria', 'Biscay', 'VT56 4JT', 'Ellison Building West Coast', 731, 945, 'alex.brayfield@ais.ac.ar', 01912427866, 07976205573, 'Mr Max Staithes', '2 Waterside Vitoria Biscay VT56 4JT', 'Partner', 07734001783, TO_DATE('27/05/1988', 'DD/MM/YYYY'), 'M', TO_DATE('20/09/2019', 'DD/MM/YYYY'), 36000, 'PhD in DNA Computing from University of Warwick');
INSERT INTO FACULTY
	(STAFF_NO, STAFF_NAME, STREET, CITY, REGION, POSTCODE, OFFICE_LOCATION, ROOM_NO, TEL_EXT, EMAIL, HOME_TELNO, MOBILE_TELNO, KIN_NAME, KIN_ADDRESS, KIN_RELATIONSHIP, KIN_TELNO, DOB, GENDER, START_DATE, SALARY, QUALIFICATIONS)
	VALUES ('ACS2950', 'Dr Ali Chandran', '9 Kirkwood Court', 'San Sebastian', 'Biscay', 'SB21 9LN', 'Ellison Building West Coast', 735, 789, 'ali.chandran@ais.ac.ar', 01912888673, 07999462107, 'Mrs Sarita Chandran', '9 Kirkwood Court San Sebastian Biscay SB21 9LN', 'Wife', 07921457352, TO_DATE('15/04/1956', 'DD/MM/YYYY'), 'M', TO_DATE('27/04/1986', 'DD/MM/YYYY'), 58000, 'PhD in Mechanical Engineering from the University of Lincoln');
INSERT INTO FACULTY
	(STAFF_NO, STAFF_NAME, STREET, CITY, REGION, POSTCODE, OFFICE_LOCATION, ROOM_NO, TEL_EXT, EMAIL, HOME_TELNO, MOBILE_TELNO, KIN_NAME, KIN_ADDRESS, KIN_RELATIONSHIP, KIN_TELNO, DOB, GENDER, START_DATE, SALARY, QUALIFICATIONS)
	VALUES ('ACS1158', 'Mr Jay Patterson', '11 Bells Close', 'Bilbao', 'Biscay', 'BC28 5PT', 'Rudolph Centre Stable Block', 203, 667, 'jay.patterson@ais.ac.ar', 01918925754, 07733350012, 'Mrs Sarah Patterson', '11 Bells Close Bilbao Biscay BC28 5PT', 'Wife', 07993666271, TO_DATE('03/10/1979', 'DD/MM/YYYY'), 'M', TO_DATE('23/09/2009', 'DD/MM/YYYY'), 27000, 'A Levels in Physics, Maths and Computers Science');
INSERT INTO FACULTY
	(STAFF_NO, STAFF_NAME, STREET, CITY, REGION, POSTCODE, OFFICE_LOCATION, ROOM_NO, TEL_EXT, EMAIL, HOME_TELNO, MOBILE_TELNO, KIN_NAME, KIN_ADDRESS, KIN_RELATIONSHIP, KIN_TELNO, DOB, GENDER, START_DATE, SALARY, QUALIFICATIONS)
	VALUES ('ASE3552', 'Dr Karen Benson', '27 Broadway', 'Bilbao', 'Biscay', 'BC21 7DE', 'Arena Central Courseway', 602,482, 'karen.benson@ais.ac.ar', 01912458723, 07024312856, 'Mr Mike Benson', '27 Broadway Bilbao Biscay BC21 7DE', 'Husband', 07726498763, TO_DATE('19/09/1983', 'DD/MM/YYYY'), 'F', TO_DATE('22/04/2010', 'DD/MM/YYYY'), 43000, 'PhD in Biomechanics from University of Birmingham');
INSERT INTO FACULTY
	(STAFF_NO, STAFF_NAME, STREET, CITY, REGION, POSTCODE, OFFICE_LOCATION, ROOM_NO, TEL_EXT, EMAIL, HOME_TELNO, MOBILE_TELNO, KIN_NAME, KIN_ADDRESS, KIN_RELATIONSHIP, KIN_TELNO, DOB, GENDER, START_DATE, SALARY, QUALIFICATIONS)
	VALUES ('ASE0075', 'Dr Darren Levison', '10 Chancellor Way', 'Bilbao', 'Biscay', 'BC67 5RE', 'Arena Central Courseway', 131, 559, 'darren.levison@ais.ac.ar', 01912987321, 07782113784, 'Mrs Julie Levison', '10 Chancellor Way Bilbao Biscay BC67 5RE', 'Wife', 07986345178, TO_DATE ('28/11/1966', 'DD/MM/YYYY'), 'M', TO_DATE ('20/09/2000', 'DD/MM/YYYY'), 50000, 'PhD in Physiotherapy from University of Teeside');

REM Data Loading into Teaching table

INSERT INTO TEACHING
	VALUES ('6', 'AAS9624', 'AP0400');
INSERT INTO TEACHING
	VALUES ('2', 'AAS9624', 'CR6007');
INSERT INTO TEACHING
	VALUES ('10', 'AAS9624', 'AP0610');
INSERT INTO TEACHING	
	VALUES ('4', 'AAS8241', 'AP0504');
INSERT INTO TEACHING
	VALUES ('6', 'AAS8241', 'CR5006');
INSERT INTO TEACHING
	VALUES ('3', 'ACS0379', 'KV7003');
INSERT INTO TEACHING	
	VALUES ('7', 'ACS0379', 'KV7004');
INSERT INTO TEACHING	
	VALUES ('4', 'ACS2950', 'KF7010');
INSERT INTO TEACHING
	VALUES ('8', 'ACS1158', 'KV7005');
INSERT INTO TEACHING 
	VALUES ('5', 'ASE3552', 'SP0475');
INSERT INTO TEACHING	
	VALUES ('6', 'ASE3552', 'SP0477');
INSERT INTO TEACHING
	VALUES ('8', 'ASE3552', 'SD0412');
INSERT INTO TEACHING
	VALUES ('4', 'ASE0075', 'SP5010');
INSERT INTO TEACHING	
	VALUES ('10', 'ASE0075', 'SP0739');
INSERT INTO TEACHING
	VALUES ('3', 'ASE0075', 'PY0756');
	
REM Data Loading into Chair table

INSERT INTO CHAIR
	VALUES (TO_DATE('20/09/2019', 'DD/MM/YYYY'), 623, 'AAS8241');
INSERT INTO CHAIR
	VALUES (TO_DATE('20/09/2019', 'DD/MM/YYYY'), 781, 'ACS0379');
INSERT INTO CHAIR
	VALUES (TO_DATE('20/09/2013', 'DD/MM/YYYY'), 934, 'ASE0075');
INSERT INTO CHAIR
	VALUES (TO_DATE('20/09/2019', 'DD/MM/YYYY'), 934, 'ASE3552');
	
REM Data Loading into Student table

INSERT INTO STUDENT
	(STUDENT_NO, FIRST_NAME, MIDDLE_NAME, LAST_NAME, START_DATE, TERM_STREET, TERM_CITY, TERM_REGION, TERM_POSTCODE, TERM_TELNO, MOBILE_TELNO, EMAIL, KIN_NAME, KIN_ADDRESS, KIN_RELATIONSHIP, KIN_TELNO, DOB, GENDER, COUNTRY_OF_ORIGIN)
	VALUES ('W357921', 'Alex', 'Lee', 'Jennings', TO_DATE('20/09/2019', 'DD/MM/YYYY'), '4  Westgate Road', 'Biscay', 'Bilbao', 'BC24 9ER', 01951568234, 07745782563, 'a.lee@ais.ac.ar', 'Mrs Olivia Jennings', '23 Bishops Court Bilbao Biscay BC98 7AS', 'Mother', 01951675934, TO_DATE('05/03/2002', 'DD/MM/YYYY'), 'F', 'Spain');
INSERT INTO STUDENT
	(STUDENT_NO, FIRST_NAME, MIDDLE_NAME, LAST_NAME, START_DATE, TERM_STREET, TERM_CITY, TERM_REGION, TERM_POSTCODE, TERM_TELNO, MOBILE_TELNO, EMAIL, KIN_NAME, KIN_ADDRESS, KIN_RELATIONSHIP, KIN_TELNO, DOB, GENDER, COUNTRY_OF_ORIGIN)
	VALUES ('S864232','Jane', 'Susan', 'Williams', TO_DATE('19/09/2018', 'DD/MM/YYYY'), '101 Grainger Street', 'Bilbao', 'Biscay', 'BC97 2TN', 01951728903, 07707326514, 'js.williams@ais.ac.ar', 'Mrs Lane Williams', '2 The Cloisters Bilbao Biscay BC12 5HN', 'Mother', 01951895104, TO_DATE('10/08/2001', 'DD/MM/YYYY'), 'U', 'Spain');       
INSERT INTO STUDENT
	(STUDENT_NO, FIRST_NAME, MIDDLE_NAME, LAST_NAME, START_DATE, TERM_STREET, TERM_CITY, TERM_REGION, TERM_POSTCODE, TERM_TELNO, MOBILE_TELNO, EMAIL, KIN_NAME, KIN_ADDRESS, KIN_RELATIONSHIP, KIN_TELNO, DOB, GENDER, COUNTRY_OF_ORIGIN)
	VALUES ('K074177', 'Raj', 'Ahmed', 'Laghari', TO_DATE('21/09/2017', 'DD/MM/YYYY'),'6 Saville Place', 'Bilbao', 'Biscay', 'BC32 1LM', 01951807312, 07825489677, 'raj.laghari@ais.ac.ar', 'Mr Jai Laghari', 'Ispat Bhavan Lodhi Road New Delhi 110003 India', 'Father', 91221234567, TO_DATE('27/02/1998', 'DD/MM/YYYY'), 'M', 'India');
INSERT INTO STUDENT
	(STUDENT_NO, FIRST_NAME, MIDDLE_NAME, LAST_NAME, START_DATE, TERM_STREET, TERM_CITY, TERM_REGION, TERM_POSTCODE, TERM_TELNO, MOBILE_TELNO, EMAIL, KIN_NAME, KIN_ADDRESS, KIN_RELATIONSHIP, KIN_TELNO, DOB, GENDER, COUNTRY_OF_ORIGIN)
	VALUES ('W558370', 'Josef', 'Han', 'Karlsson',TO_DATE('20/09/2016', 'DD/MM/YYYY'), '2 Hood Street', 'Bilbao', 'Biscay', 'BC12 9BA', 01951993576, 07612674900,  'j.karllson@ais.aa.ar', 'Mrs Maja Karlsson', 'Roslagsgatan 10 113 51 Stockholm', 'Wife', 46290751264, TO_DATE('16/10/1981', 'DD/MM/YYYY'), 'M', 'Stockholm');
INSERT INTO STUDENT
	(STUDENT_NO, FIRST_NAME, MIDDLE_NAME, LAST_NAME, START_DATE, TERM_STREET, TERM_CITY, TERM_REGION, TERM_POSTCODE, TERM_TELNO, MOBILE_TELNO, EMAIL, KIN_NAME, KIN_ADDRESS, KIN_RELATIONSHIP, KIN_TELNO, DOB, GENDER, COUNTRY_OF_ORIGIN)
	VALUES ('K386411', 'Xi',  'Bo', 'Zhao', TO_DATE('22/09/2019', 'DD/MM/YYYY'), '71 Great North Road', 'Bilbao', 'Biscay', 'BC76 5SA', 01951367934, 07881126522, 'xi.zhao@ais.ac.ar', 'Mrs Chen Zhao', 'Flat D 6/F Acacia Building 150 Kennedy Road Wan Chai Hong Kong', 'Wife', 86091573890, TO_DATE('14/11/1993', 'DD/MM/YYYY'), 'M', 'Hong Kong');
	
REM Data Loading into Student_Home_Address table

INSERT INTO STUDENT_HOME_ADDRESS
	(STUDENT_NO, HOME_STREET, HOME_CITY, HOME_REGION, HOME_POSTCODE, HOME_TELNO)
	VALUES ('W357921', '23 Bishops Court', 'Bilbao', 'Biscay', 'BC98 7AS', 01951675934);
INSERT INTO STUDENT_HOME_ADDRESS
	(STUDENT_NO, HOME_STREET, HOME_CITY, HOME_REGION, HOME_POSTCODE, HOME_TELNO)
	VALUES ('S864232', '2 The Cloisters', 'Bilbao', 'Biscay',	'BC12 5HN', 01951895104);
INSERT INTO STUDENT_HOME_ADDRESS
	(STUDENT_NO, HOME_STREET, HOME_CITY, HOME_REGION, HOME_POSTCODE, HOME_TELNO)	
	VALUES ('K074177', 'Ispat Bhavan',	'Lodhi Road', 'New Delhi', '110003', 912212345670);
INSERT INTO STUDENT_HOME_ADDRESS
	(STUDENT_NO, HOME_STREET, HOME_CITY, HOME_REGION, HOME_POSTCODE, HOME_TELNO)
	VALUES ('W558370', 'Roslagsgatan 10',	'113 51', 'Stockholm', 'Null', 46290751264);
INSERT INTO STUDENT_HOME_ADDRESS
	(STUDENT_NO, HOME_STREET, HOME_CITY, HOME_REGION, HOME_POSTCODE, HOME_TELNO)
	VALUES ('K386411', 'Flat D 6F Acacia Building 150 Kennedy Road', 	'Wan Chai',	'Hong Kong', 'Null', 86091573890);	
	
REM Data Loading into Gradebook table

INSERT INTO GRADEBOOK
	VALUES (
	
	COMMIT;	
	
SET ECHO OFF