SET VERIFY ON

SET ECHO ON

	
REM Data Loading into Department table

INSERT INTO DEPARTMENT
	(DEPT_NAME, PRIMARY_ADDRESS, SECONDARY_ADDRESS, TELNO, FAXNO, EMAIL)
	VALUES ('Applied Sciences', 'City Campus Northumberland Building Spain', 'Beach Campus Sandy Building Spain', 01912437900, 01912274274, 'hs.enquiry@ais.ac.ar');
INSERT INTO DEPARTMENT
	(DEPT_NAME, PRIMARY_ADDRESS, SECONDARY_ADDRESS, TELNO, FAXNO, EMAIL)
	VALUES ('Computer and Information Sciences', 'Ellison Building West Coast Spain', 'Rudolph Centre Stable Block Spain', 01912427866, 01912290943, 'cis.enquiry@ais.ac.ar'); 
INSERT INTO DEPARTMENT
	(DEPT_NAME, PRIMARY_ADDRESS, SECONDARY_ADDRESS, TELNO, FAXNO, EMAIL)
	VALUES ('Sport Exercise and Rehabilitation',  'Arena Central Courseway Spain', 'Armstrong Building Central Park Spain', 01912458723, 01912219065, 'ser.enquiry@ais.ac.ar');

REM Data Loading into Course table

INSERT INTO COURSE
	(COURSE_NO, COURSE_NAME, COURSE_TYPE, DURATION, MODE_OF_STUDY, REQ_CREDITS_TO_PASS, COURSE_LEADER_STAFF_NO, DEPT_NAME)
	VALUES ('MF94', 'Criminology and Forensic Science BSc Hons', 'U', '4YRS', 'Full time', 360, 'AAS8241', 'Applied Sciences');
INSERT INTO COURSE
	(COURSE_NO, COURSE_NAME, COURSE_TYPE, DURATION, MODE_OF_STUDY, REQ_CREDITS_TO_PASS, COURSE_LEADER_STAFF_NO, DEPT_NAME)
	VALUES ('B940', 'Biomedical Science BSc Hons', 'U', '3YRS', 'Full time', 360, 'AAS9624', 'Applied Sciences');		
INSERT INTO COURSE
	(COURSE_NO, COURSE_NAME, COURSE_TYPE, DURATION, MODE_OF_STUDY, REQ_CREDITS_TO_PASS, COURSE_LEADER_STAFF_NO, DEPT_NAME)
	VALUES ('AI64', 'Artifical Intelligence MSc', 'P', '12MTHS', 'Full time', 180, 'ACS0379', 'Computer and Information Sciences');
INSERT INTO COURSE
	(COURSE_NO, COURSE_NAME, COURSE_TYPE, DURATION, MODE_OF_STUDY, REQ_CREDITS_TO_PASS, COURSE_LEADER_STAFF_NO, DEPT_NAME)
	VALUES ('AC78', 'Advanced Computer Science MSc', 'P', '12MTHS', 'Full time', 180, 'ACS2950', 'Computer and Information Sciences'); 	
INSERT INTO COURSE
	(COURSE_NO, COURSE_NAME, COURSE_TYPE, DURATION, MODE_OF_STUDY, REQ_CREDITS_TO_PASS, COURSE_LEADER_STAFF_NO, DEPT_NAME)
	VALUES ('AC88', 'Advanced Computer Science MSc', 'P', '2YRS', 'Part time', 180, 'ACS1158', 'Computer and Information Sciences'); 
INSERT INTO COURSE
	(COURSE_NO, COURSE_NAME, COURSE_TYPE, DURATION, MODE_OF_STUDY, REQ_CREDITS_TO_PASS, COURSE_LEADER_STAFF_NO, DEPT_NAME)
	VALUES ('CX61', 'Sport Coaching BSc', 'U', '3YRS', 'Distance Learning', 360, 'ASE3552', 'Sport Exercise and Rehabilitation');	
INSERT INTO COURSE
	(COURSE_NO, COURSE_NAME, COURSE_TYPE, DURATION, MODE_OF_STUDY, REQ_CREDITS_TO_PASS, COURSE_LEADER_STAFF_NO, DEPT_NAME)
	VALUES ('CE21', 'Clinical Exercise MSc', 'P', '18MTHS', 'Part time', 180, 'ASE0075', 'Sport Exercise and Rehabilitation');
INSERT INTO COURSE
	(COURSE_NO, COURSE_NAME, COURSE_TYPE, DURATION, MODE_OF_STUDY, REQ_CREDITS_TO_PASS, COURSE_LEADER_STAFF_NO, DEPT_NAME)
	VALUES ('PR45', 'Clinical Exercise Physiology MSc', 'P', '12MTHS', 'Full time', 180, 'ASE5566', 'Sport Exercise and Rehabilitation');

REM Data Loading into Module table

INSERT INTO MODULE
	(MODULE_NO, MODULE_NAME, MODULE_LEVEL, CREDITS_HRS, COURSE_NO, MTUTOR_STAFF_NO)
	VALUES ('AP0400', 'Practical Skills in Forensic Science', '1', 20, 'MF94', 'AAS9624'); 
INSERT INTO MODULE
	(MODULE_NO, MODULE_NAME, MODULE_LEVEL, CREDITS_HRS, COURSE_NO, MTUTOR_STAFF_NO)
	VALUES ('AP0411', 'Introductory Pathological Sciences', '1', 40, 'MF94', 'AAS9624');
INSERT INTO MODULE
	(MODULE_NO, MODULE_NAME, MODULE_LEVEL, CREDITS_HRS, COURSE_NO, MTUTOR_STAFF_NO)
	VALUES ('AP0408', 'Anatomy and Physiology', '1', 20, 'MF94', 'AAS8241');
INSERT INTO MODULE
	(MODULE_NO, MODULE_NAME, MODULE_LEVEL, CREDITS_HRS, COURSE_NO, MTUTOR_STAFF_NO)
	VALUES ('CR6007', 'Mentally Disordered Offenders', '4', 20, 'MF94', 'AAS9624');
INSERT INTO MODULE
	(MODULE_NO, MODULE_NAME, MODULE_LEVEL, CREDITS_HRS, COURSE_NO, MTUTOR_STAFF_NO)
	VALUES ('CR6002', 'Contemporary Policing and Toxicology', '4', 20, 'MF94', 'AAS8241');
INSERT INTO MODULE
	(MODULE_NO, MODULE_NAME, MODULE_LEVEL, CREDITS_HRS, COURSE_NO, MTUTOR_STAFF_NO)
	VALUES ('AP0601', 'Complex Casework', '4', 20, 'MF94', 'AAS8241');
INSERT INTO MODULE
	(MODULE_NO, MODULE_NAME, MODULE_LEVEL, CREDITS_HRS, COURSE_NO, MTUTOR_STAFF_NO)
	VALUES ('AP0504', 'Drugs and Toxicology', '2', 20, 'MF94', 'AAS9624');
INSERT INTO MODULE
	(MODULE_NO, MODULE_NAME, MODULE_LEVEL, CREDITS_HRS, COURSE_NO, MTUTOR_STAFF_NO)
	VALUES ('CR5006', 'Race, Crime and Justice', '2', 20, 'MF94', 'AAS9624');
INSERT INTO MODULE
	(MODULE_NO, MODULE_NAME, MODULE_LEVEL, CREDITS_HRS, COURSE_NO, MTUTOR_STAFF_NO)
	VALUES ('AP0511', 'Molecular Biology and Genetics', '2', 20, 'MF94', 'AAS9624');
INSERT INTO MODULE
	(MODULE_NO, MODULE_NAME, MODULE_LEVEL, CREDITS_HRS, COURSE_NO, MTUTOR_STAFF_NO)
	VALUES ('AP0536', 'Study Abroad', '3', 120, 'MF94', 'AAS8241');
INSERT INTO MODULE
	(MODULE_NO, MODULE_NAME, MODULE_LEVEL, CREDITS_HRS, COURSE_NO, MTUTOR_STAFF_NO)
	VALUES ('AP0610', 'Genomics', '3', 20, 'MF94', 'AAS8241');
INSERT INTO MODULE
	(MODULE_NO, MODULE_NAME, MODULE_LEVEL, CREDITS_HRS, COURSE_NO, MTUTOR_STAFF_NO)
	VALUES ('AP0607', 'Molecular Cell Interactions', '3', 20, 'MF94', 'AAS9624');
INSERT INTO MODULE
	(MODULE_NO, MODULE_NAME, MODULE_LEVEL, CREDITS_HRS, COURSE_NO, MTUTOR_STAFF_NO)
	VALUES ('AP0409', 'Anatomy and Physiology', '1', 20, 'B940', 'AAS8241');
INSERT INTO MODULE
	(MODULE_NO, MODULE_NAME, MODULE_LEVEL, CREDITS_HRS, COURSE_NO,MTUTOR_STAFF_NO)
	VALUES ('AP0412', 'Introductory Pathological Sciences', '1', 40, 'B940', 'AAS9624');
INSERT INTO MODULE
	(MODULE_NO, MODULE_NAME, MODULE_LEVEL, CREDITS_HRS, COURSE_NO, MTUTOR_STAFF_NO)
	VALUES ('AP0512', 'Molecular Biology and Genetics', '2', 20, 'B940', 'AAS9624');
INSERT INTO MODULE
	(MODULE_NO, MODULE_NAME, MODULE_LEVEL, CREDITS_HRS, COURSE_NO, MTUTOR_STAFF_NO)
	VALUES ('AP0505', 'Drugs and Toxicology', '2', 20, 'B940', 'AAS9624');
INSERT INTO MODULE
	(MODULE_NO, MODULE_NAME, MODULE_LEVEL, CREDITS_HRS, COURSE_NO, MTUTOR_STAFF_NO)
	VALUES ('AP0611', 'Genomics', '3', 20, 'B940', 'AAS8241');
INSERT INTO MODULE
	(MODULE_NO, MODULE_NAME, MODULE_LEVEL, CREDITS_HRS, COURSE_NO, MTUTOR_STAFF_NO)
	VALUES ('AP0608', 'Molecular Cell Interactions', '3', 20, 'B940', 'AAS9624');
INSERT INTO MODULE
	(MODULE_NO, MODULE_NAME, MODULE_LEVEL, CREDITS_HRS, COURSE_NO, MTUTOR_STAFF_NO)
	VALUES ('KV7003', 'AI and Digital Technology', 'M', 40, 'AI64', 'ACS0379');
INSERT INTO MODULE
	(MODULE_NO, MODULE_NAME, MODULE_LEVEL, CREDITS_HRS, COURSE_NO, MTUTOR_STAFF_NO)
	VALUES ('KF7010', 'Programme Design and Implementation', 'M', 40, 'AI64', 'ACS2950');
INSERT INTO MODULE
	(MODULE_NO, MODULE_NAME, MODULE_LEVEL, CREDITS_HRS, COURSE_NO, MTUTOR_STAFF_NO)
	VALUES ('KV7004', 'AI Studio', 'M', 40, 'AI64', 'ACS0379');
INSERT INTO MODULE
	(MODULE_NO, MODULE_NAME, MODULE_LEVEL, CREDITS_HRS, COURSE_NO, MTUTOR_STAFF_NO)
	VALUES ('KV7005', 'Intelligent User Interface', 'M', 60, 'AI64', 'ACS2950');	
INSERT INTO MODULE
	(MODULE_NO, MODULE_NAME, MODULE_LEVEL, CREDITS_HRS, COURSE_NO, MTUTOR_STAFF_NO)
	VALUES ('SP0475', 'Examining Sport Participation', '1', 40, 'CX61', 'ASE3552');
INSERT INTO MODULE
	(MODULE_NO, MODULE_NAME, MODULE_LEVEL, CREDITS_HRS, COURSE_NO, MTUTOR_STAFF_NO)
	VALUES ('SP0477', 'Professional Skills for Sport', '1', 40, 'CX61', 'ASE0075');
INSERT INTO MODULE
	(MODULE_NO, MODULE_NAME, MODULE_LEVEL, CREDITS_HRS, COURSE_NO, MTUTOR_STAFF_NO)
	VALUES ('SD0412', 'Introduction to Coaching Science', '1', 20, 'CX61', 'ASE0075');
INSERT INTO MODULE
	(MODULE_NO, MODULE_NAME, MODULE_LEVEL, CREDITS_HRS, COURSE_NO, MTUTOR_STAFF_NO)
	VALUES ('SP5010', 'Coaching Skills and Practice', '2', 40, 'CX61', 'ASE0075');
INSERT INTO MODULE
	(MODULE_NO, MODULE_NAME, MODULE_LEVEL, CREDITS_HRS, COURSE_NO, MTUTOR_STAFF_NO)
	VALUES ('SP5012', 'Sport Research in Practice', '2', 60, 'CX61', 'ASE5566');
INSERT INTO MODULE
	(MODULE_NO, MODULE_NAME, MODULE_LEVEL, CREDITS_HRS, COURSE_NO, MTUTOR_STAFF_NO)
	VALUES ('SP6008', 'Talent ID and High Performance Coaching', '3', 60, 'CX61', 'ASE3552');
INSERT INTO MODULE
	(MODULE_NO, MODULE_NAME, MODULE_LEVEL, CREDITS_HRS, COURSE_NO, MTUTOR_STAFF_NO)
	VALUES ('SP6033', 'Applied Coaching of Individual Sports in an Educational Setting', '3', 40, 'CX61', 'ASE3552');
INSERT INTO MODULE
	(MODULE_NO, MODULE_NAME, MODULE_LEVEL, CREDITS_HRS, COURSE_NO, MTUTOR_STAFF_NO)
	VALUES ('SP0739', 'Epidemiology, Aetiology and Pathology of Health Disorders and Special Populations', '3', 60, 'CX61', 'ASE0075');
INSERT INTO MODULE
	(MODULE_NO, MODULE_NAME, MODULE_LEVEL, CREDITS_HRS, COURSE_NO, MTUTOR_STAFF_NO)
	VALUES ('SP0738', 'Research Methods', 'M', 80, 'CE21', 'ASE5566');
INSERT INTO MODULE
	(MODULE_NO, MODULE_NAME, MODULE_LEVEL, CREDITS_HRS, COURSE_NO, MTUTOR_STAFF_NO)
	VALUES ('SP0740', 'Epidemiology, Aetiology and Pathology of Health Disorders and Special Populations', 'M', 60, 'CE21', 'ASE0075');
INSERT INTO MODULE
	(MODULE_NO, MODULE_NAME, MODULE_LEVEL, CREDITS_HRS, COURSE_NO, MTUTOR_STAFF_NO)
	VALUES ('PY0756', 'Exercise Psychology', 'M', 40, 'CE21', 'ASE3552');
INSERT INTO MODULE
	(MODULE_NO, MODULE_NAME, MODULE_LEVEL, CREDITS_HRS, COURSE_NO, MTUTOR_STAFF_NO)
	VALUES ('PY0757', 'Exercise Psychology', 'M', 40, 'PR45', 'ASE3552'); 
INSERT INTO MODULE
	(MODULE_NO, MODULE_NAME, MODULE_LEVEL, CREDITS_HRS, COURSE_NO, MTUTOR_STAFF_NO)
	VALUES ('SP0733', 'Sport and Exercise Science Dissertation', 'M', 60, 'PR45', 'ASE5566');
INSERT INTO MODULE
	(MODULE_NO, MODULE_NAME, MODULE_LEVEL, CREDITS_HRS, COURSE_NO, MTUTOR_STAFF_NO)
	VALUES ('SP1844', 'Clinical Competencies and Assessment Skills', 'M', 40, 'PR45', 'ASE5566');
INSERT INTO MODULE
	(MODULE_NO, MODULE_NAME, MODULE_LEVEL, CREDITS_HRS, COURSE_NO, MTUTOR_STAFF_NO)
	VALUES ('SP0732', 'Exercise Prescription for Health Disorders and Special Populations', 'M', 40, 'PR45', 'ASE0075');
INSERT INTO MODULE
	(MODULE_NO, MODULE_NAME, MODULE_LEVEL, CREDITS_HRS, COURSE_NO, MTUTOR_STAFF_NO)
	VALUES ('KF7013', 'Programme Design and Implementation', 'M', 40, 'AC88', 'ACS2950');
INSERT INTO MODULE
	(MODULE_NO, MODULE_NAME, MODULE_LEVEL, CREDITS_HRS, COURSE_NO, MTUTOR_STAFF_NO)
	VALUES ('KF7011', 'Object Orientated Design', 'M', 40, 'AC88', 'ACS2950');
INSERT INTO MODULE
	(MODULE_NO, MODULE_NAME, MODULE_LEVEL, CREDITS_HRS, COURSE_NO, MTUTOR_STAFF_NO)
	VALUES ('KF7023', 'Computer Networks and Operating Systems', 'M', 40, 'AC88', 'ACS2950');
INSERT INTO MODULE
	(MODULE_NO, MODULE_NAME, MODULE_LEVEL, CREDITS_HRS, COURSE_NO, MTUTOR_STAFF_NO)
	VALUES ('KF7028', 'Research Methods and Proposal', 'M', 60, 'AC88', 'ACS2950');	
INSERT INTO MODULE
	(MODULE_NO, MODULE_NAME, MODULE_LEVEL, CREDITS_HRS, COURSE_NO, MTUTOR_STAFF_NO)
	VALUES ('KF7014', 'Programme Design and Implementation', 'M', 40, 'AC78', 'ACS2950');
INSERT INTO MODULE
	(MODULE_NO, MODULE_NAME, MODULE_LEVEL, CREDITS_HRS, COURSE_NO, MTUTOR_STAFF_NO)
	VALUES ('KF7012', 'Object Orientated Design', 'M', 40, 'AC78', 'ACS2950');
INSERT INTO MODULE
	(MODULE_NO, MODULE_NAME, MODULE_LEVEL, CREDITS_HRS, COURSE_NO, MTUTOR_STAFF_NO)
	VALUES ('KF7024', 'Computer Networks and Operating Systems', 'M', 40, 'AC78', 'ACS2950');
INSERT INTO MODULE
	(MODULE_NO, MODULE_NAME, MODULE_LEVEL, CREDITS_HRS, COURSE_NO, MTUTOR_STAFF_NO)
	VALUES ('KF7029', 'Research Methods and Proposal', 'M', 60, 'AC78', 'ACS2950');		
	
REM Data Loading into Faculty table

INSERT INTO FACULTY
	(STAFF_NO, STAFF_NAME, STREET, CITY, REGION, POSTCODE, OFFICE_LOCATION, ROOM_NO, TEL_EXT, EMAIL, HOME_TELNO, MOBILE_TELNO, KIN_NAME, KIN_ADDRESS, KIN_RELATIONSHIP, KIN_TELNO, DOB, GENDER, START_DATE, SALARY, QUALIFICATIONS, MANAGER_STAFF_NO, DEPT_NAME)
	VALUES ('AAS9624', 'Dr Christine Edwards', '6 Saville Place', 'Bilbao', 'Biscay', 'BC23 8PA', 'City Campus Northumberland Building', 101, 479, 'christine.edwards@ais.ac.ar', 01912437900, 07024012501, 'Mr Michael May', '6 Saville Place Bilbao Biscay BC23 8PA', 'Husband', 07798135612, TO_DATE('14/03/1972', 'DD/MM/YYYY'), 'F', TO_DATE('05/01/1996', 'DD/MM/YYYY'), 48000, 'PhD in Organometallic Chemistry and Catalysis at University of Liverpool', 'AAS8241', 'Applied Sciences');
INSERT INTO FACULTY
	(STAFF_NO, STAFF_NAME, STREET, CITY, REGION, POSTCODE, OFFICE_LOCATION, ROOM_NO, TEL_EXT, EMAIL, HOME_TELNO, MOBILE_TELNO, KIN_NAME, KIN_ADDRESS, KIN_RELATIONSHIP, KIN_TELNO, DOB, GENDER, START_DATE, SALARY, QUALIFICATIONS, MANAGER_STAFF_NO, DEPT_NAME)
	VALUES ('AAS8241', 'Professor Matthew Hulmes', '64 St Andrews Street', 'Bilbao', 'Biscay', 'BC25 4JF', 'Beach Campus Sandy Building', 222, 832, 'matthew.hulmes@ais.ac.ar',01916672451, 07787542310, 'Dr Mary Hulmes', '64 St Andrews Street Bilbao Biscay BC25 4JF', 'Wife', 07821673890, TO_DATE('08/02/1960', 'DD/MM/YYYY'), 'M', TO_DATE('23/09/1981', 'DD/MM/YYYY'), 72000, 'PhD DIC Imperial College London', NULL, 'Applied Sciences');
INSERT INTO FACULTY
	(STAFF_NO, STAFF_NAME, STREET, CITY, REGION, POSTCODE, OFFICE_LOCATION, ROOM_NO, TEL_EXT, EMAIL, HOME_TELNO, MOBILE_TELNO, KIN_NAME, KIN_ADDRESS, KIN_RELATIONSHIP, KIN_TELNO, DOB, GENDER, START_DATE, SALARY, QUALIFICATIONS, MANAGER_STAFF_NO, DEPT_NAME)
	VALUES ('ACS0379', 'Dr Alex Brayfield', '2 Waterside', 'Vitoria', 'Biscay', 'VT56 4JT', 'Ellison Building West Coast', 731, 945, 'alex.brayfield@ais.ac.ar', 01912427866, 07976205573, 'Mr Max Staithes', '2 Waterside Vitoria Biscay VT56 4JT', 'Partner', 07734001783, TO_DATE('27/05/1988', 'DD/MM/YYYY'), 'M', TO_DATE('20/09/2019', 'DD/MM/YYYY'), 36000, 'PhD in DNA Computing from University of Warwick', 'ACS2950', 'Computer and Information Sciences');
INSERT INTO FACULTY
	(STAFF_NO, STAFF_NAME, STREET, CITY, REGION, POSTCODE, OFFICE_LOCATION, ROOM_NO, TEL_EXT, EMAIL, HOME_TELNO, MOBILE_TELNO, KIN_NAME, KIN_ADDRESS, KIN_RELATIONSHIP, KIN_TELNO, DOB, GENDER, START_DATE, SALARY, QUALIFICATIONS, MANAGER_STAFF_NO, DEPT_NAME)
	VALUES ('ACS2950', 'Dr Ali Chandran', '9 Kirkwood Court', 'San Sebastian', 'Biscay', 'SB21 9LN', 'Ellison Building West Coast', 735, 789, 'ali.chandran@ais.ac.ar', 01912888673, 07999462107, 'Mrs Sarita Chandran', '9 Kirkwood Court San Sebastian Biscay SB21 9LN', 'Wife', 07921457352, TO_DATE('15/04/1956', 'DD/MM/YYYY'), 'M', TO_DATE('27/04/1986', 'DD/MM/YYYY'), 58000, 'PhD in Mechanical Engineering from the University of Lincoln', NULL, 'Computer and Information Sciences');
INSERT INTO FACULTY
	(STAFF_NO, STAFF_NAME, STREET, CITY, REGION, POSTCODE, OFFICE_LOCATION, ROOM_NO, TEL_EXT, EMAIL, HOME_TELNO, MOBILE_TELNO, KIN_NAME, KIN_ADDRESS, KIN_RELATIONSHIP, KIN_TELNO, DOB, GENDER, START_DATE, SALARY, QUALIFICATIONS, MANAGER_STAFF_NO, DEPT_NAME)
	VALUES ('ACS1158', 'Mr Jay Patterson', '11 Bells Close', 'Bilbao', 'Biscay', 'BC28 5PT', 'Rudolph Centre Stable Block', 203, 667, 'jay.patterson@ais.ac.ar', 01918925754, 07733350012, 'Mrs Sarah Patterson', '11 Bells Close Bilbao Biscay BC28 5PT', 'Wife', 07993666271, TO_DATE('03/10/1979', 'DD/MM/YYYY'), 'M', TO_DATE('23/09/2009', 'DD/MM/YYYY'), 34000, 'MSc in Distance Learning from University of Manchester', 'ACS2950', 'Computer and Information Sciences');
INSERT INTO FACULTY
	(STAFF_NO, STAFF_NAME, STREET, CITY, REGION, POSTCODE, OFFICE_LOCATION, ROOM_NO, TEL_EXT, EMAIL, HOME_TELNO, MOBILE_TELNO, KIN_NAME, KIN_ADDRESS, KIN_RELATIONSHIP, KIN_TELNO, DOB, GENDER, START_DATE, SALARY, QUALIFICATIONS, MANAGER_STAFF_NO, DEPT_NAME)
	VALUES ('ASE3552', 'Dr Karen Benson', '27 Broadway', 'Bilbao', 'Biscay', 'BC21 7DE', 'Arena Central Courseway', 602,482, 'karen.benson@ais.ac.ar', 01912458723, 07024312856, 'Mr Mike Benson', '27 Broadway Bilbao Biscay BC21 7DE', 'Husband', 07726498763, TO_DATE('19/09/1983', 'DD/MM/YYYY'), 'F', TO_DATE('22/04/2010', 'DD/MM/YYYY'), 43000, 'PhD in Biomechanics from University of Birmingham', 'ASE5566', 'Sport Exercise and Rehabilitation');
INSERT INTO FACULTY
	(STAFF_NO, STAFF_NAME, STREET, CITY, REGION, POSTCODE, OFFICE_LOCATION, ROOM_NO, TEL_EXT, EMAIL, HOME_TELNO, MOBILE_TELNO, KIN_NAME, KIN_ADDRESS, KIN_RELATIONSHIP, KIN_TELNO, DOB, GENDER, START_DATE, SALARY, QUALIFICATIONS, MANAGER_STAFF_NO, DEPT_NAME)
	VALUES ('ASE0075', 'Dr Darren Levison', '10 Chancellor Way', 'Bilbao', 'Biscay', 'BC67 5RE', 'Arena Central Courseway', 131, 559, 'darren.levison@ais.ac.ar', 01912987321, 07782113784, 'Mrs Julie Levison', '10 Chancellor Way Bilbao Biscay BC67 5RE', 'Wife', 07986345178, TO_DATE ('28/11/1966', 'DD/MM/YYYY'), 'M', TO_DATE ('20/09/2000', 'DD/MM/YYYY'), 50000, 'PhD in Physiotherapy from University of Teeside', 'ASE5566', 'Sport Exercise and Rehabilitation');
INSERT INTO FACULTY
	(STAFF_NO, STAFF_NAME, STREET, CITY, REGION, POSTCODE, OFFICE_LOCATION, ROOM_NO, TEL_EXT, EMAIL, HOME_TELNO, MOBILE_TELNO, KIN_NAME, KIN_ADDRESS, KIN_RELATIONSHIP, KIN_TELNO, DOB, GENDER, START_DATE, SALARY, QUALIFICATIONS, MANAGER_STAFF_NO, DEPT_NAME)
	VALUES ('ASE5566', 'Professor Elaine Campbell', '63 St Peters Wharf', 'Bilbao', 'Biscay', 'BC83 9DT', 'Armstrong Building Central Park', 226, 888, 'elaine.campbell@ais.ac.ar', 01912446387, 07971200365, 'Mr Dennis Campbell', '63 St Peters Wharf Bilbao Biscay BC83 9DT', 'Husband', 07877210043, TO_DATE ('18/03/1962', 'DD/MM/YYYY'), 'F',  TO_DATE ('26/04/1995', 'DD/MM/YYYY'), 68000, 'PhD in Exercise and Rehabilitation from Brunel University', NULL, 'Sport Exercise and Rehabilitation');
REM Data Loading into Teaching table

INSERT INTO TEACHING
	VALUES ('6', 'AAS9624', 'AP0400');
INSERT INTO TEACHING
	VALUES ('2', 'AAS9624', 'CR6007');
INSERT INTO TEACHING
	VALUES ('10', 'AAS9624', 'AP0610');
INSERT INTO TEACHING	
	VALUES ('4', 'AAS8241', 'AP0504');
INSERT INTO TEACHING
	VALUES ('6', 'AAS8241', 'CR5006');
INSERT INTO TEACHING
	VALUES ('3', 'ACS0379', 'KV7003');
INSERT INTO TEACHING	
	VALUES ('7', 'ACS0379', 'KV7004');
INSERT INTO TEACHING	
	VALUES ('4', 'ACS2950', 'KF7010');
INSERT INTO TEACHING
	VALUES ('8', 'ACS1158', 'KV7005');
INSERT INTO TEACHING 
	VALUES ('5', 'ASE3552', 'SP0475');
INSERT INTO TEACHING	
	VALUES ('6', 'ASE3552', 'SP0477');
INSERT INTO TEACHING
	VALUES ('8', 'ASE3552', 'SD0412');
INSERT INTO TEACHING
	VALUES ('4', 'ASE0075', 'SP5010');
INSERT INTO TEACHING	
	VALUES ('10', 'ASE0075', 'SP0739');
INSERT INTO TEACHING
	VALUES ('3', 'ASE0075', 'PY0756');
	
REM Data Loading into Chair table

INSERT INTO CHAIR
	VALUES (TO_DATE('20/09/2019', 'DD/MM/YYYY'), 'Applied Sciences', 'AAS8241');
INSERT INTO CHAIR
	VALUES (TO_DATE('20/09/2019', 'DD/MM/YYYY'), 'Computer and Information Sciences', 'ACS0379');
INSERT INTO CHAIR
	VALUES (TO_DATE('20/09/2013', 'DD/MM/YYYY'), 'Sport Exercise and Rehabilitation', 'ASE0075');
INSERT INTO CHAIR
	VALUES (TO_DATE('20/09/2019', 'DD/MM/YYYY'), 'Sport Exercise and Rehabilitation', 'ASE3552');
	
REM Data Loading into Student table

INSERT INTO STUDENT
	(STUDENT_NO, FIRST_NAME, MIDDLE_NAME, LAST_NAME, COURSE_NO, START_DATE, TERM_STREET, TERM_CITY, TERM_REGION, TERM_POSTCODE, TERM_TELNO, MOBILE_TELNO, HOME_STREET, HOME_CITY, HOME_REGION, HOME_POSTCODE, HOME_TELNO, EMAIL, KIN_NAME, KIN_ADDRESS, KIN_RELATIONSHIP, KIN_TELNO, DOB, GENDER, COUNTRY_OF_ORIGIN, STUTOR_STAFF_NO)
	VALUES ('W357921', 'Alex', 'Lee', 'Jennings', 'MF94', TO_DATE('22/09/2019', 'DD/MM/YYYY'), '4  Westgate Road', 'Biscay', 'Bilbao', 'BC24 9ER', 01951568234, 07745782563, '23 Bishops Court', 'Bilbao', 'Biscay', 'BC98 7AS', 01951675934, 'a.lee@ais.ac.ar', 'Mrs Olivia Jennings', '23 Bishops Court Bilbao Biscay BC98 7AS', 'Mother', 01951675934, TO_DATE('05/03/2000', 'DD/MM/YYYY'), 'F', 'Spain', 'AAS9624');
INSERT INTO STUDENT
	(STUDENT_NO, FIRST_NAME, MIDDLE_NAME, LAST_NAME, COURSE_NO, START_DATE, TERM_STREET, TERM_CITY, TERM_REGION, TERM_POSTCODE, TERM_TELNO, MOBILE_TELNO, HOME_STREET, HOME_CITY, HOME_REGION, HOME_POSTCODE, HOME_TELNO, EMAIL, KIN_NAME, KIN_ADDRESS, KIN_RELATIONSHIP, KIN_TELNO, DOB, GENDER, COUNTRY_OF_ORIGIN, STUTOR_STAFF_NO)
	VALUES ('S864232','Jane', 'Susan', 'Williams', 'AI64', TO_DATE('19/09/2018', 'DD/MM/YYYY'), '101 Grainger Street', 'Bilbao', 'Biscay', 'BC97 2TN', 01951728903, 07707326514, '2 The Cloisters', 'Bilbao', 'Biscay',	'BC12 5HN', 01951895104, 'js.williams@ais.ac.ar', 'Mrs Lane Williams', '2 The Cloisters Bilbao Biscay BC12 5HN', 'Mother', 01951895104, TO_DATE('10/08/1996', 'DD/MM/YYYY'), 'U', 'Spain', 'ACS0379');       
INSERT INTO STUDENT
	(STUDENT_NO, FIRST_NAME, MIDDLE_NAME, LAST_NAME, COURSE_NO, START_DATE, TERM_STREET, TERM_CITY, TERM_REGION, TERM_POSTCODE, TERM_TELNO, MOBILE_TELNO, HOME_STREET, HOME_CITY, HOME_REGION, HOME_POSTCODE, HOME_TELNO, EMAIL, KIN_NAME, KIN_ADDRESS, KIN_RELATIONSHIP, KIN_TELNO, DOB, GENDER, COUNTRY_OF_ORIGIN, STUTOR_STAFF_NO)
	VALUES ('K074177', 'Raj', 'Ahmed', 'Laghari', 'CX61', TO_DATE('21/09/2017', 'DD/MM/YYYY'),'6 Saville Place', 'Bilbao', 'Biscay', 'BC32 1LM', 01951807312, 07825489677, 'Ispat Bhavan',	'Lodhi Road', 'New Delhi', '110003', 912212345670, 'raj.laghari@ais.ac.ar', 'Mr Jai Laghari', 'Ispat Bhavan Lodhi Road New Delhi 110003 India', 'Father', 91221234567, TO_DATE('27/02/1998', 'DD/MM/YYYY'), 'M', 'India', 'ASE3552');
INSERT INTO STUDENT
	(STUDENT_NO, FIRST_NAME, MIDDLE_NAME, LAST_NAME, COURSE_NO, START_DATE, TERM_STREET, TERM_CITY, TERM_REGION, TERM_POSTCODE, TERM_TELNO, MOBILE_TELNO, HOME_STREET, HOME_CITY, HOME_REGION, HOME_POSTCODE, HOME_TELNO, EMAIL, KIN_NAME, KIN_ADDRESS, KIN_RELATIONSHIP, KIN_TELNO, DOB, GENDER, COUNTRY_OF_ORIGIN, STUTOR_STAFF_NO)
	VALUES ('W558370', 'Josef', 'Han', 'Karlsson', 'CE21', TO_DATE('20/09/2016', 'DD/MM/YYYY'), '2 Hood Street', 'Bilbao', 'Biscay', 'BC12 9BA', 01951993576, 07612674900,  'Roslagsgatan 10',	'113 51', 'Stockholm', 'Null', 46290751264, 'j.karllson@ais.aa.ar', 'Mrs Maja Karlsson', 'Roslagsgatan 10 113 51 Stockholm', 'Wife', 46290751264, TO_DATE('16/10/1981', 'DD/MM/YYYY'), 'M', 'Stockholm', 'ASE3552');
INSERT INTO STUDENT
	(STUDENT_NO, FIRST_NAME, MIDDLE_NAME, LAST_NAME, COURSE_NO, START_DATE, TERM_STREET, TERM_CITY, TERM_REGION, TERM_POSTCODE, TERM_TELNO, MOBILE_TELNO, HOME_STREET, HOME_CITY, HOME_REGION, HOME_POSTCODE, HOME_TELNO, EMAIL, KIN_NAME, KIN_ADDRESS, KIN_RELATIONSHIP, KIN_TELNO, DOB, GENDER, COUNTRY_OF_ORIGIN, STUTOR_STAFF_NO)
	VALUES ('K386411', 'Xi',  'Bo', 'Zhao', 'PR45', TO_DATE('22/09/2019', 'DD/MM/YYYY'), '71 Great North Road', 'Bilbao', 'Biscay', 'BC76 5SA', 01951367934, 07881126522, 'Flat D 6F Acacia Building 150 Kennedy Road', 'Wan Chai',	'Hong Kong', 'Null', 86091573890, 'xi.zhao@ais.ac.ar', 'Mrs Chen Zhao', 'Flat D 6/F Acacia Building 150 Kennedy Road Wan Chai Hong Kong', 'Wife', 86091573890, TO_DATE('14/11/1993', 'DD/MM/YYYY'), 'M', 'Hong Kong', 'ASE0075');
INSERT INTO STUDENT
	(STUDENT_NO, FIRST_NAME, MIDDLE_NAME, LAST_NAME, COURSE_NO, START_DATE, TERM_STREET, TERM_CITY, TERM_REGION, TERM_POSTCODE, TERM_TELNO, MOBILE_TELNO, HOME_STREET, HOME_CITY, HOME_REGION, HOME_POSTCODE, HOME_TELNO, EMAIL, KIN_NAME, KIN_ADDRESS, KIN_RELATIONSHIP, KIN_TELNO, DOB, GENDER, COUNTRY_OF_ORIGIN, STUTOR_STAFF_NO)
	VALUES ('S165739', 'Teresa', NULL, 'Green', 'AC88', TO_DATE('22/09/2019', 'DD/MM/YYYY'), '16 New Devonshire Road', 'Bilbao', 'Biscay', 'BC23 6RH', 01951899924, 077723155505, '16 New Devonshire Road', 'Bilbao', 'Biscay', 'BC23 6RH', 01951899924, 'teresa.green@ais.ac.ar', 'Mr Geoff Green', '77 Mayfair Road Bilbao Biscay BC66 9KL', 'Father', 07898453210, TO_DATE('21/12/1996', 'DD/MM/YYYY'), 'F', 'Spain', 'ACS2950');

REM Data Loading into Student_Modules table

INSERT INTO STUDENT_MODULES 
	VALUES ('1', 58.00, NULL, 'W357921', 'AP0400');
INSERT INTO STUDENT_MODULES 
	VALUES ('1', 63.00, NULL, 'W357921', 'AP0411');
INSERT INTO STUDENT_MODULES 
	VALUES ('1', 69, NULL,  'W357921', 'AP0408');
INSERT INTO STUDENT_MODULES 
	VALUES ('2', 48.50, 50, 'W357921', 'AP0504');
INSERT INTO STUDENT_MODULES 
	VALUES ('2', 67.50, NULL, 'W357921', 'CR5006');
INSERT INTO STUDENT_MODULES 
	VALUES ('2', 72.00, NULL, 'W357921', 'AP0511');
INSERT INTO STUDENT_MODULES 
	VALUES ('3', NULL, NULL, 'W357921', 'AP0536');
INSERT INTO STUDENT_MODULES 
	VALUES ('3', NULL, NULL, 'W357921', 'AP0610');
INSERT INTO STUDENT_MODULES 
	VALUES ('3', NULL, NULL, 'W357921', 'AP0607');
INSERT INTO STUDENT_MODULES 
	VALUES ('4', NULL, NULL, 'W357921', 'CR6007');
INSERT INTO STUDENT_MODULES 
	VALUES ('4', NULL, NULL, 'W357921', 'CR6002');
INSERT INTO STUDENT_MODULES 
	VALUES ('4', NULL, NULL, 'W357921', 'AP0601');
INSERT INTO STUDENT_MODULES 
	VALUES ('1', 68.50, NULL, 'K074177', 'SP0475');
INSERT INTO STUDENT_MODULES 
	VALUES ('1', 75.00, NULL, 'K074177', 'SP0477');
INSERT INTO STUDENT_MODULES 
	VALUES ('1', 78.00, NULL, 'K074177', 'SD0412');	
INSERT INTO STUDENT_MODULES 
	VALUES ('2', 66.00, NULL, 'K074177', 'SP5010');
INSERT INTO STUDENT_MODULES 
	VALUES ('2', 70.50, NULL, 'K074177', 'SP5012');
INSERT INTO STUDENT_MODULES 
	VALUES ('3', 80.00, NULL, 'K074177', 'SP6008');
INSERT INTO STUDENT_MODULES 
	VALUES ('3', 68.00, NULL, 'K074177', 'SP6033');
INSERT INTO STUDENT_MODULES 
	VALUES ('3', 82.00, NULL, 'K074177', 'SP0739');
INSERT INTO STUDENT_MODULES 
	VALUES ('M', 59.00, NULL, 'S864232', 'KV7003');
INSERT INTO STUDENT_MODULES 
	VALUES ('M', 63.50, NULL, 'S864232', 'KF7010');
INSERT INTO STUDENT_MODULES 
	VALUES ('M', 73.00, NULL, 'S864232', 'KV7004');
INSERT INTO STUDENT_MODULES 
	VALUES ('M', 80.00, NULL, 'S864232', 'KV7005');
INSERT INTO STUDENT_MODULES 
	VALUES ('M', 58.00, NULL, 'W558370', 'SP0738');
INSERT INTO STUDENT_MODULES 
	VALUES ('M', 69.00, NULL, 'W558370', 'SP0740');
INSERT INTO STUDENT_MODULES 
	VALUES ('M', 78.00, NULL, 'W558370', 'PY0756');
INSERT INTO STUDENT_MODULES 
	VALUES ('M', 54.50, NULL, 'K386411', 'SP0733');
INSERT INTO STUDENT_MODULES 
	VALUES ('M', 43.50, 50, 'K386411', 'SP1844');
INSERT INTO STUDENT_MODULES 
	VALUES ('M', 58.00, NULL, 'K386411', 'SP0732');
INSERT INTO STUDENT_MODULES 
	VALUES ('M', 66.00, NULL, 'K386411', 'PY0757');
INSERT INTO STUDENT_MODULES 
	VALUES ('M', 69.00, NULL, 'S165739', 'KF7013');
INSERT INTO STUDENT_MODULES 
	VALUES ('M', NULL, NULL, 'S165739', 'KF7011');
INSERT INTO STUDENT_MODULES 
	VALUES ('M', NULL, NULL, 'S165739', 'KF7023');
INSERT INTO STUDENT_MODULES 
	VALUES ('M', 74.50, NULL, 'S165739', 'KF7028');
	
	
	COMMIT;	
	
ALTER TABLE COURSE ADD CONSTRAINT FK_STAFF FOREIGN KEY (COURSE_LEADER_STAFF_NO) REFERENCES FACULTY (STAFF_NO);
ALTER TABLE MODULE ADD CONSTRAINT FK_MSTAFF FOREIGN KEY (MTUTOR_STAFF_NO) REFERENCES FACULTY (STAFF_NO);
ALTER TABLE FACULTY ADD CONSTRAINT FKEY_MANAGER FOREIGN KEY (MANAGER_STAFF_NO) REFERENCES FACULTY (STAFF_NO);

SET ECHO OFF